"#","Reference","Qty","Value","DNP","Exclude from BOM","Exclude from Board","Footprint","Manufacturer","Mf. Part Number","Datasheet","Description"
"1","C1,C2,C3,C5,C13,C22","6","1u","","","","Capacitor_Tantalum_SMD:CP_EIA-3216-18_Kemet-A","KYOCERA AVX","TAJA105M016RNJ","","Tantalum Chip Capacitors 1μF/16Vdc, ±20%"
"2","C14,C23","2","47u","","","","Capacitor_Tantalum_SMD:CP_EIA-3528-21_Kemet-B","KYOCERA AVX","TAJB476K010RNJ","~","Tantalum Chip Capacitors 47μF/10Vdc, ±10%"
"3","C15,C17,C24,C26","4","1n","","","","Capacitor_SMD:C_0603_1608Metric","murata","GRM1885C2A102JA01J","~","1nF/100Vdc, ±5%, C0G(NP0)"
"4","C18,C27","2","0.22u","","","","0_Devices:0_C_0805_Edited","murata","GRM188R71E224KA88D","~","0.22μF/25Vdc, ±10%, C0G(NP0)"
"5","C19,C28","2","4.7u","","","","Capacitor_Tantalum_SMD:CP_EIA-3528-21_Kemet-B","KYOCERA AVX","TAJB475K016RNJ","","Tantalum Chip Capacitors 4.7μF/16Vdc, ±10%"
"6","C36,C37","2","10u","","","","Capacitor_SMD:C_1206_3216Metric","SAMSUNG","CL31A106KBHNNNE","~","Multilayer Ceramic Chip Cap, 10μF/50Vdc, ±10%, X5R"
"7","C4,C6,C16,C25,C35","5","33p","","","","Capacitor_SMD:C_0402_1005Metric","KYOCERA AVX"," 04025A330JAT2A","~","33pF/50Vdc ±5%, C0G(NP0)"
"8","C7,C8,C11,C12,C20,C21,C38,C39","8","0.1u","","","","Capacitor_SMD:C_0402_1005Metric","murata","GRM155R71H104KE14D","~","0.1μF/50Vdc, ±10%, X7R"
"9","C9,C10,C29,C30,C31,C32,C33,C34","8","1u","","","","0_Devices:0_C_0805_Edited","SAMSUNG","CL21B105KBFNNNE","~","1μF/50Vdc, ±10%, X7R"
"10","D5","1","RB551VM-30","","","","Diode_SMD:D_SOD-323F","ROHM","RB551VM-30TE-17","~","Schottky Barrier Single Diode 30V/500mA"
"11","D6","1","GREEN","","","","LED_SMD:LED_Kingbright_APA1606_1.6x0.6mm_Horizontal","LITE-ON","LTST-S270KGKT","~","Light emitting diode"
"12","D7","1","ESD9L5.0ST5G","","","","Diode_SMD:D_SOD-923","ONSEMI","ESD9L5.0ST5G","","ESD Protection Diode"
"13","D8","1","ORANGE","","","","LED_SMD:LED_0603_1608Metric","ROHM","SML-D12D8WT86R","~","Light emitting diode"
"14","D9","1","GREEN","","","","LED_SMD:LED_0603_1608Metric","LITE-ON","LTST-C191TGKT","~","Light emitting diode"
"15","D10","1","RED","","","","LED_SMD:LED_0603_1608Metric","LITE-ON","LTST-C191KRKT","~","Super Thin Chip LED, Red Color"
"16","D1,D2,D3,D4","4","PESD12VL1BA","","","","Diode_SMD:D_SOD-323","NXP","PESD12VL1BA","","ESD protection diode, 200W,Breakdown Voltage 15.9V"
"17","J2","1","Conn_01x04_Socket","","","","Connector_PinSocket_2.54mm:PinSocket_1x04_P2.54mm_Vertical","-","-","~","1x04 Female PinSocket"
"18","J4","1","Conn_01x02_MountingPin","","","","Connector_JST:JST_PH_S2B-PH-SM4-TB_1x02-1MP_P2.00mm_Horizontal","JST","S2B-PH-SM4-TB","~","1x02 JST-PH Connector"
"19","J5","1","USB_C_Receptacle_PowerOnly_6P","","","","Connector_USB:USB_C_Receptacle_GCT_USB4135-GF-A_6P_TopMnt_Horizontal","SZGOZIE","TYPEC6P019","https://www.usb.org/sites/default/files/documents/usb_type-c.zip","USB Power-Only 6P Type-C Receptacle connector"
"20","J1,J3","2","PJ-327F","","","","0_AudioConnectors:PJ-327F_SMD","-","PJ-327F","kicad-embed://C128989-PJ-327F.pdf","Auido Jack"
"21","L1","1","10u","","","","0_Devices:0_L_1008_Edited","murata","DFE252010F-100M=P2","~","Chip Metal Alloy Inductor 10μH ±20%"
"22","L2","1","56n","","","","Inductor_SMD:L_0603_1608Metric","murata","LQW18AN56NG00D","~","RF Inductor (Chip Coil), 56nH ±2%, 360mA"
"23","P1","1","10k","","","","0_Potentiometer:0_RK097GS_Dual_Horizontal_Switch","-","RK097GS","","8-Pin Potentiometer 2 Gangs and Switch"
"24","Q1","1","MMBT3906","","","","Package_TO_SOT_SMD:SOT-23"," DIOTEC","MMBT3906","https://www.onsemi.com/pdf/datasheet/pzt3906-d.pdf","-0.2A Ic, -40V Vce, Small Signal PNP Transistor, SOT-23"
"25","R29","1","0","DNP","","","Resistor_SMD:R_0603_1608Metric","ROYALOHM","0603WAF0000T5E","~","Resistor"
"26","R31","1","10k","DNP","","","Resistor_SMD:R_0603_1608Metric","ROYALOHM","0603WAF1002T5E","~","Resistor"
"27","R35","1","1","","","","Resistor_SMD:R_0603_1608Metric","ROYALOHM","0603WAF100KT5E","~","Resistor"
"28","R1,R2,R3,R4,R32,R43","6","10k","","","","Resistor_SMD:R_0603_1608Metric","ROYALOHM","0603WAF1002T5E","~","Resistor"
"29","R12,R16,R22,R26","4","1k","","","","Resistor_SMD:R_0603_1608Metric","ROHM","MCR03ERTF1001","~","Resistor"
"30","R13,R14,R18,R23,R24,R28,R36,R40,R41","9","2k","","","","Resistor_SMD:R_0603_1608Metric","ROYALOHM","0603WAF2001T5E","~","Resistor"
"31","R15,R17,R25,R27,R30,R34,R37,R38,R39","9","5.1k","","","","Resistor_SMD:R_0603_1608Metric","ROYALOHM","0603WAF5101T5E","~","Resistor"
"32","R33,R44","2","62k","","","","Resistor_SMD:R_0603_1608Metric","ROYALOHM","0603WAF6202T5E","~","Resistor"
"33","R5,R6,R7,R8,R9,R10,R11,R19,R20,R21,R42","11","100k","","","","Resistor_SMD:R_0603_1608Metric","ROYALOHM","0603WAF1003T5E","~","Resistor"
"34","TP1","1","+BATT","","Excluded from BOM","","TestPoint:TestPoint_Pad_D2.0mm","","","~","test point"
"35","TP2","1","+9VA","","Excluded from BOM","","TestPoint:TestPoint_Pad_D2.0mm","","","~","test point"
"36","TP3","1","+9V","","Excluded from BOM","","TestPoint:TestPoint_Pad_D2.0mm","","","~","test point"
"37","TP4","1","+5V","","Excluded from BOM","","TestPoint:TestPoint_Pad_D2.0mm","","","~","test point"
"38","TP5","1","BUS","","Excluded from BOM","","TestPoint:TestPoint_Pad_D1.0mm","","","~","test point"
"39","TP6,TP8","2","GND","","Excluded from BOM","","TestPoint:TestPoint_THTPad_1.5x1.5mm_Drill0.7mm","","","~","test point"
"40","U5","1","AP3012","","","","Package_TO_SOT_SMD:SOT-23-5","DIODES","AP3012KTR-E1","https://www.diodes.com/assets/Datasheets/AP3012.pdf","500mA, Adjustable Step-Up Voltage Regulator, 1.5MHz Frequency, SOT-23-5"
"41","U6","1","BD50FA1FP3","","","","Package_TO_SOT_SMD:SOT-89-3","ROHM","BD50FA1FP3-ZTL","https://fscdn.rohm.com/en/products/databook/datasheet/ic/power/linear_regulator/bdxxfa1fp3-e.pdf","LDO Regulator Fixed Output 5V/100mA"
"42","U7","1","LP4054HB5F","","","","Package_TO_SOT_SMD:SOT-23-5","LPS","LP4054H","https://lcsc.com/product-detail/PMIC-Battery-Management_LOWPOWER-LP4054HB5F_C517187.html","600mA Standalone Linear Li-ion Battery Charger"
"43","U8","1","BA8391G-TR","","","","Package_TO_SOT_SMD:SOT-23-5","ROHM","BA8391G-TR","","Ground Sense Comparator,Open Collector"
"44","U9","1","TL432ASF","","","","Package_TO_SOT_SMD:SOT-23","HTC","TL432ASF","http://www.ti.com/lit/ds/symlink/tl431.pdf","Shunt Regulator, SOT-23"
"45","U1,U2,U3,U4","4","NE5532","","","","Package_SO:SOIC-8_3.9x4.9mm_P1.27mm","-","NE5532","http://www.ti.com/lit/ds/symlink/ne5532.pdf","Dual Low-Noise Operational Amplifiers, DIP-8/SOIC-8"
